sentiment,confidence,sgd_direction,sgd_strength,market_coherence,timeframe,volatility_impact,key_factors,risk_factors,trading_signal,position_size,reasoning,raw_response,inference_time,article_title,article_published,article_source
bearish,0.7,strengthen,0.8,aligned,short_term,increase,"- President Trump threatens to cut federal jobs
- Government shutdown extends into second day
- US equities race to fresh highs","- Uncertainty around Trump's job cuts
- Uncertainty around government shutdown",sell_sgd,medium,"- President Trump's threat to cut federal jobs is likely to increase volatility in the market, which could lead to a strengthening of the Singapore Dollar.
- The government shutdown is also likely to increase volatility, as it could lead to a decrease in economic activity and a decrease in the value","SENTIMENT: bearish
CONFIDENCE: 0.7
SGD_DIRECTION: strengthen
SGD_STRENGTH: 0.8
MARKET_COHERENCE: aligned
TIMEFRAME: short_term
VOLATILITY_IMPACT: increase
KEY_FACTORS:
- President Trump threatens to cut federal jobs
- Government shutdown extends into second day
- US equities race to fresh highs
RISK_FACTORS:
- Uncertainty around Trump's job cuts
- Uncertainty around government shutdown
TRADING_SIGNAL: sell_sgd
POSITION_SIZE: medium
REASONING:
- President Trump's threat to cut federal jobs is lik",240.96390199661255,Stocks Churn as Trump Threatens Federal Job Cuts: Markets Wrap,"Wed, 01 Oct 2025 22:30:03 GMT",bloomberg_asia
